periodo;CCAA;obesidad;indice_alimentacion;porcentaje_empresas;indice_bienestar;ranking_bienestar;nombre_cluster
2010;Navarra, Comunidad Foral de;11,2;73,07;1,25;55,66;1;Perfil saludable alto
2010;Castilla y León;13,25;75,48;5,17;55,28;2;Perfil saludable alto
2010;Cantabria;11,65;64,71;1,13;49,73;3;Perfil saludable alto
2010;Cataluña;14,2;55,93;17,86;49,17;4;Perfil intermedio
2010;País Vasco;14,7;63,09;5,01;44,96;5;Perfil saludable alto
2010;Balears, Illes;14,7;54,78;4,17;39,54;6;Perfil intermedio
2010;Comunitat Valenciana;16,4;50,01;9,91;36,66;7;Perfil intermedio
2010;Rioja, La;14,8;53,54;0,66;36,56;8;Perfil saludable alto
2010;Aragón;15,7;54,32;2,27;36,17;9;Perfil saludable alto
2010;Madrid, Comunidad de;13,9;32,54;15;34,23;10;Perfil intermedio
2010;Galicia;18,05;51,43;6,19;32,06;11;Perfil de riesgo
2010;Asturias, Principado de;20,2;61,02;2,31;31,21;12;Perfil de riesgo
2010;Canarias;16,7;39,62;5,48;27,33;13;Perfil de riesgo
2010;Extremadura;21,55;51,5;1,95;22,67;14;Perfil de riesgo
2010;Castilla La Mancha;19,5;35,99;3,17;18,26;15;Perfil de riesgo
2010;Andalucía;20,4;25,02;15,44;17,09;16;Perfil de riesgo
2010;Murcia, Región de;21,25;36,28;2,69;14,67;17;Perfil de riesgo
2011;Navarra, Comunidad Foral de;11,2;88,56;1,23;64,83;1;Perfil saludable alto
2011;Castilla y León;13,8;88,72;5,3;62,12;2;Perfil saludable alto
2011;Cantabria;11,1;80,14;1,19;60,01;3;Perfil saludable alto
2011;Cataluña;14,3;66,29;17,76;55,06;4;Perfil intermedio
2011;Rioja, La;14,9;83,04;0,67;53,87;5;Perfil saludable alto
2011;País Vasco;15,3;79,83;4,77;53,55;6;Perfil saludable alto
2011;Aragón;15,7;67,69;2,32;44,13;7;Perfil saludable alto
2011;Comunitat Valenciana;17,3;65,32;9,88;43,94;8;Perfil intermedio
2011;Balears, Illes;15,1;60,34;4,1;42;9;Perfil intermedio
2011;Asturias, Principado de;18,7;73,46;2,34;41,6;10;Perfil de riesgo
2011;Madrid, Comunidad de;14,3;43,78;15,25;40,25;11;Perfil intermedio
2011;Galicia;19,2;61,46;6,26;35,76;12;Perfil de riesgo
2011;Canarias;18,2;45,62;5,39;27,85;13;Perfil de riesgo
2011;Castilla La Mancha;20,6;54,14;3,24;26,88;14;Perfil de riesgo
2011;Extremadura;21,6;56,15;1,91;25,31;15;Perfil de riesgo
2011;Murcia, Región de;20,3;49,65;2,73;24,51;16;Perfil de riesgo
2011;Andalucía;21,2;38,06;15,33;23,17;17;Perfil de riesgo
2012;Navarra, Comunidad Foral de;11,2;87,45;1,23;64,17;1;Perfil saludable alto
2012;Cantabria;11,1;83,39;1,19;61,94;2;Perfil saludable alto
2012;Castilla y León;13,8;85,55;5,45;60,33;3;Perfil saludable alto
2012;Cataluña;14,3;67,5;17,56;55,66;4;Perfil intermedio
2012;País Vasco;15,3;79,78;4,59;53,42;5;Perfil saludable alto
2012;Comunitat Valenciana;17,3;69,84;9,94;46,65;6;Perfil intermedio
2012;Aragón;15,7;67,16;2,35;43,83;7;Perfil saludable alto
2012;Balears, Illes;15,1;63,32;4,16;43,8;8;Perfil intermedio
2012;Madrid, Comunidad de;14,3;44,48;15,22;40,65;9;Perfil intermedio
2012;Rioja, La;14,9;55,77;0,69;37,7;10;Perfil saludable alto
2012;Asturias, Principado de;18,7;66,68;2,3;37,55;11;Perfil de riesgo
2012;Galicia;19,2;63,87;6,44;37,3;12;Perfil de riesgo
2012;Canarias;18,2;45,19;5,42;27,61;13;Perfil de riesgo
2012;Castilla La Mancha;20,6;54,13;3,28;26,89;14;Perfil de riesgo
2012;Extremadura;21,6;54,9;1,92;24,57;15;Perfil de riesgo
2012;Andalucía;21,2;39,89;15,24;24,21;16;Perfil de riesgo
2012;Murcia, Región de;20,3;48,16;2,71;23,62;17;Perfil de riesgo
2013;Navarra, Comunidad Foral de;11,45;81,88;1,22;60,37;1;Perfil saludable alto
2013;Castilla y León;14,65;83,28;5,51;57,32;2;Perfil saludable alto
2013;Cantabria;13,1;77,25;1,25;54,35;3;Perfil saludable alto
2013;País Vasco;14,15;75,45;4,29;52,96;4;Perfil saludable alto
2013;Cataluña;14,65;63,34;17,55;52,49;5;Perfil intermedio
2013;Balears, Illes;14,15;58,95;4,13;43,08;6;Perfil intermedio
2013;Aragón;16,15;67,2;2,38;42,98;7;Perfil saludable alto
2013;Comunitat Valenciana;17,3;61,99;10,1;42,09;8;Perfil intermedio
2013;Rioja, La;14,65;58,39;0,71;39,77;9;Perfil saludable alto
2013;Madrid, Comunidad de;14,45;43,23;15,37;39,7;10;Perfil intermedio
2013;Galicia;19,95;66,98;6,48;37,67;11;Perfil de riesgo
2013;Asturias, Principado de;18,65;66,73;2,25;37,65;12;Perfil de riesgo
2013;Extremadura;19,2;50,16;1,87;26,51;13;Perfil de riesgo
2013;Andalucía;20,55;41,62;14,94;26,35;14;Perfil de riesgo
2013;Canarias;18,75;44,37;5,52;26,09;15;Perfil de riesgo
2013;Castilla La Mancha;20,15;48,71;3,38;24,63;16;Perfil de riesgo
2013;Murcia, Región de;18,8;44,3;2,74;24,33;17;Perfil de riesgo
2014;Navarra, Comunidad Foral de;11,7;86,02;1,24;62,34;1;Perfil saludable alto
2014;País Vasco;13;77,14;4,04;56,11;2;Perfil saludable alto
2014;Cantabria;15,1;83,77;1,27;54,25;3;Perfil saludable alto
2014;Cataluña;15;62,83;17,18;51,28;4;Perfil intermedio
2014;Castilla y León;15,5;74,36;5,51;50,34;5;Perfil saludable alto
2014;Rioja, La;14,4;72,96;0,7;48,9;6;Perfil saludable alto
2014;Comunitat Valenciana;17,3;64,22;10,2;43,47;7;Perfil intermedio
2014;Aragón;16,6;64,13;2,51;40,34;8;Perfil saludable alto
2014;Madrid, Comunidad de;14,6;41,88;15,28;38,54;9;Perfil intermedio
2014;Balears, Illes;13,2;48,18;3,94;38,47;10;Perfil intermedio
2014;Galicia;20,7;69,89;6,36;37,83;11;Perfil de riesgo
2014;Asturias, Principado de;18,6;65,03;2,21;36,72;12;Perfil de riesgo
2014;Murcia, Región de;17,3;49,51;2,72;30,4;13;Perfil de riesgo
2014;Extremadura;16,8;47,98;1,9;30,01;14;Perfil de riesgo
2014;Canarias;19,3;45,34;5,69;25,67;15;Perfil de riesgo
2014;Andalucía;19,9;36,09;15,33;24,59;16;Perfil de riesgo
2014;Castilla La Mancha;19,7;43,09;3,46;22,24;17;Perfil de riesgo
2015;Navarra, Comunidad Foral de;12,93;87,6;1,26;60,84;1;Perfil saludable alto
2015;País Vasco;13,27;75,53;3,94;54,56;2;Perfil saludable alto
2015;Cataluña;14,97;64,03;17,21;52,07;3;Perfil intermedio
2015;Castilla y León;14,73;74,09;5,64;51,79;4;Perfil saludable alto
2015;Aragón;16,3;75,52;2,58;47,73;5;Perfil saludable alto
2015;Cantabria;15,9;74,78;1,28;47,33;6;Perfil saludable alto
2015;Comunitat Valenciana;17,8;69,44;10,12;45,52;7;Perfil intermedio
2015;Balears, Illes;13,97;53,94;3,88;40,32;8;Perfil intermedio
2015;Madrid, Comunidad de;15,03;44,68;15,38;39,41;9;Perfil intermedio
2015;Galicia;19,93;64,66;6,27;36,21;10;Perfil de riesgo
2015;Rioja, La;14,6;52,14;0,68;36,14;11;Perfil saludable alto
2015;Asturias, Principado de;19,63;61,75;2,17;32,7;12;Perfil de riesgo
2015;Murcia, Región de;16,9;50,33;2,78;31,71;13;Perfil de riesgo
2015;Extremadura;17,63;50,97;1,88;30,12;14;Perfil de riesgo
2015;Andalucía;20,27;36,68;15,18;24,12;15;Perfil de riesgo
2015;Canarias;19,3;41,66;5,73;23,51;16;Perfil de riesgo
2015;Castilla La Mancha;19,9;41,19;3,47;20,72;17;Perfil de riesgo
2016;Aragón;16;84,14;2,64;62,86;1;Perfil saludable alto
2016;Cataluña;14,93;76,08;17,26;59,33;2;Perfil intermedio
2016;País Vasco;13,53;80,04;3,89;56,69;3;Perfil saludable alto
2016;Castilla y León;13,97;78,63;5,65;56;4;Perfil saludable alto
2016;Cantabria;16,7;83,51;1,23;50,89;5;Perfil saludable alto
2016;Navarra, Comunidad Foral de;14,17;72,47;1,25;49,39;6;Perfil saludable alto
2016;Rioja, La;14,8;74,77;0,67;49,16;7;Perfil saludable alto
2016;Balears, Illes;14,73;68,78;3,85;47,6;8;Perfil intermedio
2016;Comunitat Valenciana;18,3;72,65;10,27;46,52;9;Perfil intermedio
2016;Madrid, Comunidad de;15,47;50,6;15,22;41,95;10;Perfil intermedio
2016;Galicia;19,17;61,66;6,28;35,95;11;Perfil de riesgo
2016;Murcia, Región de;16,5;53,13;2,88;34,23;12;Perfil de riesgo
2016;Asturias, Principado de;20,67;60,96;2,22;30,19;13;Perfil de riesgo
2016;Canarias;19,3;52,76;5,75;30,1;14;Perfil de riesgo
2016;Extremadura;18,47;51,43;1,98;28,78;15;Perfil de riesgo
2016;Andalucía;20,63;39,78;14,94;25,1;16;Perfil de riesgo
2016;Castilla La Mancha;20,1;32,83;3,55;15,41;17;Perfil de riesgo
2017;Castilla y León;13,2;79,56;5,7;58,11;1;Perfil saludable alto
2017;Cataluña;14,9;72,71;17,1;57,29;2;Perfil intermedio
2017;Navarra, Comunidad Foral de;15,4;87,3;1,32;55,78;3;Perfil saludable alto
2017;País Vasco;13,8;79,35;3,78;55,68;4;Perfil saludable alto
2017;Rioja, La;15;85,49;0,67;55,12;5;Perfil saludable alto
2017;Aragón;15,7;82,58;2,63;53,14;6;Perfil saludable alto
2017;Cantabria;17,5;86,4;1,35;51,08;7;Perfil saludable alto
2017;Comunitat Valenciana;18,8;72,28;10,56;45,48;8;Perfil intermedio
2017;Galicia;18,4;70,94;6,19;42,94;9;Perfil de riesgo
2017;Madrid, Comunidad de;15,9;48,92;15,1;40,03;10;Perfil intermedio
2017;Balears, Illes;15,5;55,17;3,87;38;11;Perfil intermedio
2017;Murcia, Región de;16,1;54,98;2,84;36,1;12;Perfil de riesgo
2017;Extremadura;19,3;64,48;1,98;34,86;13;Perfil de riesgo
2017;Asturias, Principado de;21,7;65,87;2,13;31;14;Perfil de riesgo
2017;Canarias;19,3;52,28;5,9;29,91;15;Perfil de riesgo
2017;Andalucía;21;36,41;14,81;23,44;16;Perfil de riesgo
2017;Castilla La Mancha;20,3;33,06;3,65;15,21;17;Perfil de riesgo
2018;Rioja, La;15,27;90,83;0,69;57,77;1;Perfil saludable alto
2018;Cataluña;14,67;72,55;17,27;57,76;2;Perfil intermedio
2018;Aragón;15,73;88,28;2,71;56,51;3;Perfil saludable alto
2018;Castilla y León;14,4;80,68;5,75;56,42;4;Perfil saludable alto
2018;País Vasco;13,7;76,47;3,87;54,22;5;Perfil saludable alto
2018;Navarra, Comunidad Foral de;14,67;73,34;1,38;48,99;6;Perfil saludable alto
2018;Comunitat Valenciana;18,1;72,93;10,4;47,16;7;Perfil intermedio
2018;Madrid, Comunidad de;15,07;54,1;14,96;44,67;8;Perfil intermedio
2018;Cantabria;16,23;69,89;1,32;43,8;9;Perfil saludable alto
2018;Galicia;17,77;69,33;6,27;43,28;10;Perfil de riesgo
2018;Extremadura;17,13;65,92;1,92;40;11;Perfil de riesgo
2018;Murcia, Región de;17,1;64,25;2,88;39,63;12;Perfil de riesgo
2018;Canarias;18,7;66,11;5,81;39,25;13;Perfil de riesgo
2018;Balears, Illes;15,8;55,89;3,83;37,81;14;Perfil intermedio
2018;Asturias, Principado de;20,83;62,12;2,19;30,54;15;Perfil de riesgo
2018;Andalucía;20,57;43,85;14,7;27,5;16;Perfil de riesgo
2018;Castilla La Mancha;18,33;33,82;3,78;19,65;17;Perfil de riesgo
2019;Rioja, La;15,53;99,34;0,7;62,3;1;Perfil saludable alto
2019;País Vasco;13,6;80,09;4,47;56,92;2;Perfil saludable alto
2019;Aragón;15,77;87,8;2,76;56,18;3;Perfil saludable alto
2019;Cataluña;14,43;69,36;16,6;55,95;4;Perfil intermedio
2019;Navarra, Comunidad Foral de;13,93;82;1,65;55,75;5;Perfil saludable alto
2019;Castilla y León;15,6;80,36;5,73;53,83;6;Perfil saludable alto
2019;Comunitat Valenciana;17,4;76,58;10,48;50,77;7;Perfil intermedio
2019;Madrid, Comunidad de;14,23;52,93;14,63;45,46;8;Perfil intermedio
2019;Canarias;18,1;72,86;5,9;44,5;9;Perfil de riesgo
2019;Extremadura;14,97;65,8;1,85;44,19;10;Perfil de riesgo
2019;Galicia;17,13;64,46;6,22;41,64;11;Perfil de riesgo
2019;Cantabria;14,97;59,74;1,43;40,35;12;Perfil saludable alto
2019;Murcia, Región de;18,1;63,66;2,83;37,26;13;Perfil de riesgo
2019;Balears, Illes;16,1;52,22;3,79;35,01;14;Perfil intermedio
2019;Asturias, Principado de;19,97;65,4;2,26;34,24;15;Perfil de riesgo
2019;Andalucía;20,1;44,94;14,61;29,02;16;Perfil de riesgo
2019;Castilla La Mancha;16,37;37,79;3,79;25,92;17;Perfil de riesgo
2020;País Vasco;13,5;60,72;4,67;45,74;1;Perfil saludable alto
2020;Rioja, La;15,8;71,87;0,69;45,46;2;Perfil saludable alto
2020;Navarra, Comunidad Foral de;13,2;60,99;1,58;44,7;3;Perfil saludable alto
2020;Cataluña;14,2;49,27;16,54;44,46;4;Perfil intermedio
2020;Aragón;15,8;59,52;2,83;39,38;5;Perfil saludable alto
2020;Comunitat Valenciana;16,7;52,63;10,56;38;6;Perfil intermedio
2020;Castilla y León;16,8;57,66;5,63;37,92;7;Perfil saludable alto
2020;Madrid, Comunidad de;13,4;29;14,69;32,95;8;Perfil intermedio
2020;Galicia;16,5;42,85;6,19;30,05;9;Perfil de riesgo
2020;Extremadura;12,8;32,94;1,8;28,99;10;Perfil de riesgo
2020;Cantabria;13,7;29,31;1,42;24,82;11;Perfil saludable alto
2020;Asturias, Principado de;19,1;44,03;2,22;23,27;12;Perfil de riesgo
2020;Canarias;17,5;34,19;5,87;22,74;13;Perfil de riesgo
2020;Murcia, Región de;19,1;37,18;2,8;19,55;14;Perfil de riesgo
2020;Balears, Illes;16,4;22,55;3,77;16,8;15;Perfil intermedio
2020;Castilla La Mancha;14,4;15,05;3,72;16,31;16;Perfil de riesgo
2020;Andalucía;19,7;18,08;14,68;13,93;17;Perfil de riesgo
2021;Navarra, Comunidad Foral de;11,95;82,91;1,6;60,2;1;Perfil saludable alto
2021;Cataluña;14,15;55,22;16,61;48,13;2;Perfil intermedio
2021;País Vasco;12,25;59,89;4,71;47,76;3;Perfil saludable alto
2021;Rioja, La;15,35;70,38;0,66;45,46;4;Perfil saludable alto
2021;Aragón;14,8;63,08;2,77;43,45;5;Perfil saludable alto
2021;Comunitat Valenciana;15,15;55,27;10,83;42,81;6;Perfil intermedio
2021;Castilla y León;14,5;55,49;5,56;41,17;7;Perfil saludable alto
2021;Madrid, Comunidad de;12,6;29,99;14,7;35,13;8;Perfil intermedio
2021;Galicia;15,8;47,96;6,29;34,54;9;Perfil de riesgo
2021;Cantabria;13,9;44,6;1,42;33,49;10;Perfil saludable alto
2021;Canarias;16,15;38,31;5,77;27,81;11;Perfil de riesgo
2021;Asturias, Principado de;17,8;46,21;2,15;27,11;12;Perfil de riesgo
2021;Extremadura;13,8;27,59;1,77;23,81;13;Perfil de riesgo
2021;Balears, Illes;15,6;27,3;3,74;21,2;14;Perfil intermedio
2021;Murcia, Región de;17,35;32,24;2,76;20,07;15;Perfil de riesgo
2021;Andalucía;17,9;21,67;14,7;19,65;16;Perfil de riesgo
2021;Castilla La Mancha;15,55;17,93;3,62;15,67;17;Perfil de riesgo
2022;Navarra, Comunidad Foral de;10,7;84,47;1,59;63,61;1;Perfil saludable alto
2022;País Vasco;11;69,87;4,71;56,17;2;Perfil saludable alto
2022;Comunitat Valenciana;13,6;57,73;10,91;47,4;3;Perfil intermedio
2022;Cataluña;14,1;52,32;16,44;46,41;4;Perfil intermedio
2022;Canarias;14,8;65,04;5,8;46,37;5;Perfil de riesgo
2022;Rioja, La;14,9;69,72;0,7;45,99;6;Perfil saludable alto
2022;Cantabria;14,1;63,96;1,43;44,58;7;Perfil saludable alto
2022;Aragón;13,8;60,16;2,79;43,72;8;Perfil saludable alto
2022;Castilla y León;12,2;51,7;5,45;43,43;9;Perfil saludable alto
2022;Galicia;15,1;45,95;6,1;34,63;10;Perfil de riesgo
2022;Madrid, Comunidad de;11,8;24,15;14,61;33,21;11;Perfil intermedio
2022;Asturias, Principado de;16,5;46,67;2,18;29,99;12;Perfil de riesgo
2022;Andalucía;16,1;26,19;14,94;26,05;13;Perfil de riesgo
2022;Balears, Illes;14,8;29,3;3,76;23,99;14;Perfil intermedio
2022;Extremadura;14,8;28,45;1,8;22,34;15;Perfil de riesgo
2022;Murcia, Región de;15,6;26,7;2,82;20,31;16;Perfil de riesgo
2022;Castilla La Mancha;16,7;22,93;3,61;16,34;17;Perfil de riesgo
